MOFname,CO2 uptake at 0.15 bar and 298K
GEZYOB_clean,2.1979098
OKAYAC_clean,1.4367224
WIYWEI_clean,2.6748116
VUKROK_clean,0.46714947
IJENER_clean,1.7092402
TUWPIL_clean,1.9760005
c6cc09566f_c6cc09566f2_clean,3.09535
c5ce01087j_c5ce01087j2_clean,1.7833761
NANZOS_clean,1.8949068
VEDGAO_clean,1.2447038
ZOXTUD_clean,2.1497433
CUFGUH_clean,1.6359277
MAKGEN_clean,2.6507418
DUMXIU_clean,1.0884945
PEWFII_clean,2.7920277
CUTGII_clean,2.0336406
c6ra10144e_c6ra10144e2_clean,2.335215
FAWCEN02_SL,0.24266091
OMABEL_clean,1.0456194
c6ce00134c_c6ce00134c2_clean,2.5519505
NATYAK_clean,1.4564909
REYBAA_clean,1.1425549
LOQSUG_clean,1.7303536
KOPXOE_clean,0.7023649
XALCIX_clean,1.8640728
AFOQUI_clean,1.4675412
YUCGOS_clean,2.3515558
UJAQAY_clean,0.65607864
FIBHIJ_clean,1.1553638
IDUDES_clean,2.5872147
HUZYIM_clean,1.1364458
IPIHIA_clean,1.5718843
FESTUT_clean,0.8926901
ic060608urom20060410_101638_clean,2.0920553
NIVNUC_clean,1.2334497
ICIZAV_clean,1.1903245
GEGGIK_clean,2.9234226
XAPCOJ05_clean,1.2509935
TILVUF_clean,0.24933447
LOZSAW_clean,0.69688225
CAHQOS_clean,3.3975098
HABRAF_manual,0.28564224
POLBAT_clean,2.301388
NIJSAC_clean,0.9606646
NEYZAU_clean,7.036191
NAPZUB_clean,2.927992
QUSSAA_clean,1.1825963
BEPVAV_clean,1.2284703
OBOGUK_clean,1.9374235
PEVYUM_clean,1.0364584
VANXUD_clean,0.72538984
FATLUJ_clean,2.4642153
ATOWIQ_clean,0.55887705
NORGOS_clean,0.89702517
EDABOC_clean,1.6144539
EMOHIZ_clean,2.059371
WICQIJ_clean,2.52957
LERNAY01_clean,0.87540936
BOCTOE05_clean,0.2628886
ZEFVEN_clean,1.3751143
XADDUD_clean,2.1363485
c6ce00104a_c6ce00104a2_clean,2.0418518
AQAJEI_clean,1.8224205
GOYPAN_clean,0.05207838
HIYLUY_clean,2.3877125
RACHUA_clean,0.7963348
NEYJIM_clean,0.7348192
KADLUZ_clean,0.6607482
ZOXTEN_clean,2.3109574
GIKMOD_clean,0.81073487
sciadv.1600621_S1_Crystal_Structures_clean,1.2952958
APAZEY_clean,3.7389529
j.inoche.2015.03.033_inc05930-mmc2_clean,2.2950513
HORCOH_clean,1.9725004
TATSIS01_clean,1.2413063
DAFJOM_clean,1.9609842
FELWUQ_clean,0.6409622
DUYVEA_clean,1.541765
DIMKER_clean,2.3883932
QIYCAE_clean,1.5894614
WODXEU_clean,2.4239461
ONAWEG01_clean,0.28134963
TUMRIE_clean,2.667164
COSWEO_clean,1.9173684
COWBEX_clean,1.2317821
UCAXEC_clean,2.38737
POCRAB_clean,1.852691
BAKGIF_manual,1.6935312
SEFWEH_clean,0.21548717
IXAMEA_clean,0.4307104
ZURQOS_clean,2.2679513
SAQQIL_clean,1.6939052
EQAMUG_clean,2.113374
QITZIE_clean,1.6549666
TACFIN02_clean,1.0565171
XAPGED_clean,0.5071345
cm501138g_si_004_clean,2.0531695
DAFYOB_clean,1.5762131
UFEXIN_clean,0.909665
HISJAW_clean,0.8854124
FURFIJ01_clean,1.5398803
WAVQUF_clean,0.9790573
SUKREX_clean,2.4882343
PEGQAV_clean,2.1806712
ETUWOG_clean,2.0684695
ZOYKAB_clean,2.197927
REGJIW02_clean,1.6783823
VUTVAJ_clean,2.4306076
GUJVOX_clean,1.753147
DALVAQ_clean,2.9991422
NIKYOW02_clean,0.25366667
ZEDROR_clean,1.7803011
EMEJAJ_clean,0.963015
YIBMON01_clean,2.5057323
NOGDAP_clean,6.827725
QOVWOP_clean,0.6850177
CAZGIT_clean,1.6885139
YUVGOL_SL,1.5053262
WAYMAM_clean,0.40177685
SUPSIG01_clean,1.4564909
GAWKEW_clean,0.82434934
ja073612tsi20070723_060623_clean,2.1571572
RUPNEW_clean,2.0689282
ERUFUS_clean,1.1197058
DAXKIY_clean,1.5034239
c4dt02250e_c4dt02250e2_clean,3.1770716
BABREE_clean,0.92931813
ELILIV_clean,2.9581215
cm503311x_aloh225K_clean,1.0130444
MUDTAH_clean,0.84234565
DEXZIR_clean,1.5976217
DABFET_clean,1.6537373
jacs.6b00564_ja6b00564_si_003_clean,2.019142
j.jssc.2014.12.022_2_clean,0.48246744
NUCREJ_clean,0.58369654
YARKEJ_clean,2.2202408
GUKYUI_clean,1.6850547
BUBTUP_clean,2.2605693
VUCTUK_clean,1.2542207
LIRNOR_clean,1.9276369
SUPSIG02_clean,1.4204658
JOKXEM10_clean,0.28362402
GIHPAQ_clean,2.0578887
BEJZAS_clean,1.3636261
RAZJIM_clean,1.4697659
BOCTEU01_clean,0.8798059
XOVXEM_clean,1.5183955
ENOVAG_clean,1.8740399
ZETLER_clean,0.796492
ic500905z_si_002_clean,1.7556728
SUQHUJ_clean,2.2451148
ENCDBZ01_clean,1.8756063
ROMQAN_clean,2.591368
c5ra10336c_c5ra10336c2_clean,1.6207032
XANDAU_clean,2.4054027
YUZCAZ_clean,1.461864
INAMUG_clean,1.6876287
RONZID_clean,0.22613394
FELWOK_clean,0.5408973
DODHUA_clean,1.8609834
UMELEF_clean,2.6466203
BASSOF_clean,0.88644594
ORANAY_clean,3.1295724
BAHGUN_clean,1.0322335
QITDOO_clean,1.8099344
RIPNUB_clean,1.9319472
KUHVOZ01_clean,5.0030656
TAVQEN_clean,3.0941978
FIVYUF_clean,0.8270845
ZEFVIR_clean,1.3719169
QIVBUT_clean,0.84876776
ILOSOS_clean,1.5621653
XAKZUF_clean,1.6567496
c5ra26357c_c5ra26357c2_clean,1.6698416
KEXKAB_clean,1.2880632
YOKKIU_clean,2.6940997
ULEPIM_clean,1.2693588
FUNCAT_clean,0.9481974
BIHMUC_clean,1.8051093
acs.cgd.5b01178_MAHFOT1419063_clean,2.7009776
DAHPAE_clean,1.442206
YIVNIC_clean,3.3001966
QIYCOS_clean,1.5904571
KEDJAG12_clean,0.053124912
MALWOM_clean,1.409042
RABHAZ_clean,0.922031
AMILOY_clean,0.992313
UXEDIL01_clean,-0.01613274
OMAWOP_clean,1.6716381
PUFNUB_clean,1.3004792
COGKEP_clean,1.1842259
TEJBAN_clean,1.5984668
VOBRUB_clean,3.8626606
YUKCAJ_clean,1.9002957
KUGCOF_clean,1.2813874
LUNWEW_clean,2.1353555
ZIHTEP_clean,2.281382
FOHCIP_clean,2.5191705
LUFNAC03_clean,4.9425435
QQQGTA02_clean,2.717556
IPIMEA_clean,0.8811669
YAQCIE_clean,1.8910985
OBUREL_clean,1.6005541
FAVHAO_clean,2.17636
KAHKUB02_clean,0.16162075
EMEGEJ_clean,2.5329344
GEGGEG01_clean,2.9067965
CUTGEE_clean,2.0648937
COWMIL_clean,3.5365818
CUBKUF_clean,1.5374541
DEPJIR_clean,0.07334968
ZUDPEV_clean,1.7833955
IJEXUR_clean,2.4163551
GUCHUJ_clean,2.6739743
KAHYOJ_clean,2.5519435
RIPWEU_clean,1.1312886
PASNAA01_clean,4.3112936
SOKCOM_clean,3.9875066
acs.cgd.6b00488_ANAVUI1457968_clean,1.9818052
VOCKUT_clean,1.1617008
PEGQUP_clean,1.9198704
OFEZIJ_clean,8.352855
ja073612tsi20070723_060520_clean,2.1571572
VUGYED_clean,2.6348746
ICIKEL_clean,-0.02067668
ABETAE_clean,0.54278004
EWIDUK_SL,0.23601323
XAMDOF_clean,1.145596
HEYBIX_clean,1.6859996
UZUZUL_clean,2.2231312
UTODIR_clean,1.721151
WUYYEW_clean,1.242468
IGUVIR_clean,1.7184407
EVUNOY_clean,1.4930382
BONNIC_clean,0.7578867
IROROY_clean,1.4897041
ic502643m_si_003_clean,0.77604795
ULOGIL_clean,2.7654939
GOQXAN_clean,5.2185917
UVASAM01_clean,1.7862011
LIRTEM_SL,1.6960044
TAYNEN_clean,1.370127
YIWPAV_clean,0.2016218
WOPHIU_clean,1.183585
CIJVOH01_clean,6.505126
DITSIK_clean,3.1060307
REZJIR_clean,0.07442552
AWEZOS01_clean,0.264089
UMUTOM_clean,1.297571
XAQTEO_clean,0.48212934
UKEXEP_clean,1.6484187
VEHLEA_clean,1.1456687
RAVFEB_clean,2.1881511
OPAPIF_clean,1.8985251
QADVUN_clean,1.1807064
SINZIA_clean,1.5962746
RIFQEC_clean,1.3623532
YIWLIZ_clean,0.412179
ECOSIY_clean,1.5034176
TUMROK_clean,3.208403
DAFHOJ_clean,2.5346093
OKIPOO_clean,1.1226077
CADPIH_clean,2.5134387
c6ra26855b_c6ra26855b2_clean,1.5853081
EHAFEA_clean,3.707833
XOPJAO_clean,1.7203748
KUVYAD_clean,1.928097
WAMRIN01_clean,2.1020513
DICVIW_clean,2.786908
HIWLIK_clean,0.78614277
GITTOT01_manual,0.7808393
QEZXEY_clean,1.2873114
GUJGAU_clean,1.0368245
AXIPEE02_clean,0.74196666
DIBJEF_clean,1.6797117
WAHDIT_clean,0.82522887
EQOCES01_clean,1.2507042
ja907023c_si_001_clean,0.47545385
YOZROW_clean,0.8472795
VUKTEC_clean,1.7355418
MAJJUF_clean,0.58936626
EBEGID_clean,0.74039185
YEPCUS_clean,1.695244
KUJNEJ_clean,0.33122075
c5ce00143a_c5ce00143a2_clean,1.7469534
NIHBAI_clean,0.20015565
KIFKEQ_clean,5.8033047
DUQSEO_clean,1.4265975
RIGTIL_clean,1.0432886
MIGVON_clean,1.1453698
IKUMAE_clean,1.9800673
IGUTUB_clean,1.637565
VABMER_clean,2.3175738
HUYJUG_clean,0.83541566
TETWUM_clean,1.4373635
EXECAN_clean,1.465798
FIJDIM10_clean,3.6947486
FUYYAA_clean,2.2146497
IROHED_clean,0.737444
ORAJOH_clean,0.7303821
YOMVIG01_clean,2.9401317
KETSEI_clean,1.8515894
LOMLUV_clean,1.4238031
COVYIX_clean,1.1122358
VONCOS_clean,3.321482
acs.inorgchem.6b02007_delta-Ru_phen_2_2_PF6_2_clean,1.2284223
ZIMLEO_clean,2.4702146
XUNRUV_clean,2.1275308
TOQCIL_clean,2.437279
QATDEU_clean,1.8010173
XEXLOD_clean,1.0456954
YOYWEQ_clean,1.0546318
SOMFEG_clean,0.8230482
YAZYEF_clean,0.87915987
NOLRIR_clean,2.843981
MUSCIN_clean,2.8078496
ETEJOD_clean,4.6693916
LULHUW_clean,3.353343
FALZIC_clean,4.14785
FIQZAH_clean,0.3321148
PIKBUH_clean,2.178196
c5ce01594d_c5ce01594d3_clean,1.8097392
YEZKIZ_clean,3.5787027
CAKXOD_clean,2.4493208
j.matlet.2016.08.018_mmc2_clean,2.1988156
KOSJOT_clean,2.4232187
AXOHIE_clean,1.2727417
AMIWID_clean,2.2314053
ENUCOG_clean,1.9509418
FIGVUN_clean,1.394428
LUWMUN_clean,2.0617564
OMAXEG_clean,1.5500001
YARDIG_clean,2.7978377
WOBHEB01_clean,2.5964103
FAWCEN03_SL,0.27819908
DEPTOH_clean,3.2750437
PUJQEQ_clean,0.59403074
NIKZAJ02_clean,0.19403283
JUJZIZ_clean,1.7606274
NIKZEN01_clean,0.27649993
NUFCAU_clean,2.745861
EQOXIT_clean,1.4365441
SUVNEE_clean,1.6140814
LAGRIW_clean,1.9301231
ADABUE_clean,0.8277112
PABXAT_clean,2.986291
FERVIJ_clean,0.94564044
AGAYIQ_clean,0.72603834
YOTROQ_clean,0.6845113
QEKLID_clean,2.6018195
AJOXAA_clean,3.3303535
FONQIJ_clean,4.473147
WIHTAK_clean,0.119539805
ja406030p_si_005_manual,0.46153915
IJASES01_clean,2.4581192
QODPOQ_clean,0.699312
GAXDIS10_clean,0.455052
ic501898x_si_004_clean,1.5262557
TUTHIA_clean,4.897406
TAPHOJ_clean,0.9140326
OFERUN_clean,0.24266091
ADAXEK_clean,1.671334
HURQUG_clean,2.1960104
ITIBOD_clean,1.700046
ETEJIX01_clean,4.072676
SETXEW_clean,0.9642545
DIVQAB_clean,1.373739
CUYVOI_clean,1.1358958
CUWZIF_clean,2.73325
MAGVOG20_clean,0.15732828
POHLUV_clean,2.1971061
ZOHBEF_clean,2.2701247
UVUGAV_clean,1.089028
AGARUW_clean,1.6840062
VIVLAP_clean,2.589991
WABVOL_clean,2.1422215
REHRON_clean,1.6209038
ADASUV_clean,1.8605977
LELDOX_clean,0.60310096
WOYJIF_clean,0.8842939
XORHET_clean,2.3891926
DIMJUG_clean,2.4091887
cg5013796_cg5013796_si_004_clean,1.5729284
JAJKUD_clean,2.1533778
GISZUF_clean,2.3109207
WAXJAJ01_clean,2.0930526
ADEGIA_clean,2.8583052
PEWKOT_clean,1.3453131
WOGHEG_clean,2.417966
HEZKIH_clean,3.3401382
HURGUX01_clean,2.4283755
cm202876r_si_002_clean,2.9067965
SOYFUJ_clean,1.746775
QOFDEW_clean,0.87839997
FOJKIA_clean,3.6167557
UMABIV_clean,2.4673107
AVAQIX_clean,3.4395835
HOJNIF_clean,0.33641687
RARYOZ_clean,2.2009664
PEPKOL_clean,1.3573844
UWUKII_clean,1.3300077
KUKHAB_clean,1.4442416
DORFOG_clean,2.6460555
UMODEH14_clean,0.46347368
RABHIH_clean,0.6846596
XACFAJ_clean,1.441111
SOQJOZ_clean,2.7854416
HGCNCO_clean,2.6806424
GUPBUP_SL,1.7201272
NUHNUA_clean,3.8671432
SEHMIC_clean,1.5135431
RIGPII_clean,0.8864114
VOHQEO_clean,3.2145772
ZAXWEC_clean,1.6337758
WECBEN_clean,0.29045585
UXAXEY_clean,1.9569173
TOTVUV_clean,0.9382291
KAPHUH_clean,3.3750072
TUNDAJ_clean,0.818033
AMODUC_clean,1.9488666
VOXKIE_clean,3.9210947
FASFUD_clean,1.3027481
NABNUA_clean,1.3174032
TIPZOJ_clean,1.95911
SUSRUV_clean,1.795597
KOKDEU_clean,0.5575914
RUGGUX_clean,3.467725
ECUGEQ_clean,1.2929157
GIFFAE_clean,2.6962593
KOSKIO_clean,2.495654
YUSGOJ_SL,1.6726718
VATYEV_clean,1.6476282
IZEHAX_clean,1.7615854
FIMXUW_clean,1.692058
HIFWAV_clean,0.6538366
BEFNOR_clean,3.676614
QISVAQ_clean,1.7416801
BASTEW_clean,0.85868114
MIMKIE_clean,3.629037
QUKYUR_clean,1.659437
HUYXOP_clean,0.9568819
cg900505v_si_004_clean,0.6630114
IXOFOR_clean,0.5354145
HADYAP_clean,1.697783
ABUWOJ_clean,2.6965802
ASUJIJ_clean,1.5080425
XAPTEQ_clean,2.841089
MAYXUG_clean,0.9888722
KUJFUS_clean,1.7070807
RUVRUX_clean,1.4953032
UHISOU_clean,5.4402103
HOQMIL01_clean,1.6407652
OPAPUR_clean,1.9101328
PEKWAF_clean,1.9177144
RAQVAG_clean,1.0528941
TIJPOT_clean,0.96741724
WACKOB_clean,0.163598
ZEZQAY_clean,3.3526413
WONRUM01_clean,0.6433577
NIKJOH_clean,3.2847188
LOFCUF_clean,1.6713164
GAZLAW_clean,1.7005658
KABNIL_clean,2.6060822
QIVZEC_clean,1.534052
HIWLEG_clean,1.141048
ja203898s_si_006_clean,1.6067766
XEQLEM_clean,1.432949
WALMOO_clean,2.4899955
ETEKAQ_clean,3.1555784
OCUTAI_clean,5.5637445
XANZAQ03_clean,2.156048
TOBKAY_clean,2.7159224
SETWOF_clean,1.2967743
UXABUR_clean,2.8403926
QOBGEV_clean,1.0532728
VIZQEC_clean,3.0305872
FIQYOU_clean,0.25947416
MAGBON_clean,1.8679974
NEPWIQ_clean,2.7945375
SOZSAD_clean,5.6676745
BUPFEY_clean,0.58056426
YOQYOT_clean,0.884312
ASINIB_clean,0.5976261
MOQSIV_clean,0.46104407
RAVWES_clean,1.5410118
VACFUB_clean_h,0.45994973
OQOBUT_clean,2.513317
AJIGIL_clean,2.3845513
DUQYEU01_clean,2.025124
SAKDAM_clean,3.652676
FUMHOL_clean,2.406632
WONBAD_clean,2.8235466
DABFIX_clean,1.6061648
GAXGOD_clean,1.3552748
LUJBAV_clean,1.1882358
RAVDOJ_clean,2.5613744
UMOBEF09_clean,1.1917989
SORXAA_clean,2.3703353
GIQXUA_clean,2.9980261
CODSOF_clean,1.3067833
CASTEW_clean,2.1017113
JUPBUT_clean,3.247118
DORYUG_clean,1.3602724
ELUJAY_clean,2.2411408
DARJOX_clean,2.612783
YUJNIB_clean,1.3488442
RUFMUA01_clean,3.1002355
ATEXII_clean,2.109099
j.ica.2016.09.002_1_clean,0.43910533
YIGHIG_clean,2.896048
YAGRON_clean,1.7865629
ELIKAM_clean,4.1914463
DACZUF_clean,2.9365416
FUWQIZ_clean,1.0579536
VEZQAT_clean,2.1559434
GUCJAQ_clean,1.1982472
RIPPEN_clean,1.9185057
PAGFUZ_clean,1.0607442
S2056989015013006_wm5178sup1_clean,2.3158371
OQOJUB_clean,1.8647449
ALUKAU_clean,3.0523539
QERZUI_clean,2.1340687
cg900505v_si_002_clean,0.65688145
WICQOP_clean,2.210246
SULKIU_clean,2.336364
RUGKAH_clean,-0.08378473
OCIZAD_clean,2.2975726
LURLOB_clean,0.585411
AWOFOI_clean,5.677763
GIRYIR_clean,0.8093812
WOSHET_clean,1.2025127
INEBOT01_clean,2.3125553
WALCET_clean,2.110879
EKETOF_clean,1.302102
JUJZEV_clean,1.0542063
BEFNUX_clean,1.4796574
FUTJOV_clean,0.45768917
LALPIZ_clean,2.0476756
QITDII_clean,1.5569671
HIYMEJ_clean,2.4330428
OPAGIX_clean,4.181756
XOSPEB_clean,1.7322925
ic502730y_si_002_clean,1.249405
GEDREO_clean,2.7437775
ECUDAI_clean,5.472342
WAKSOT_clean,1.2493418
MAWVAK_clean,2.6405425
CUWVEX_clean,2.4522338
GOMRAC_clean,3.4455726
BAXREY_clean,0.89004534
cg300979c_si_002_clean,0.8239724
CAZFOA_clean,1.8719656
NAWHOL_clean,2.2702096
ROQDIM02_clean,0.08843303
POBNEA_clean,0.58616036
c6ta02340a_c6ta02340a2_clean,1.9463917
OGIYAF_clean,0.5184892
j.jssc.2016.10.008_Tb_clean,4.2369785
GATHAL_clean,0.4020412
DIBXAP_clean,1.4571933
ISUFOS_clean,1.6279236
AZEWEH_clean,1.2530828
AQIQIC_clean,2.1971564
VAPHOM_clean,1.0043317
TAHYUZ_clean,2.035616
AVIMUO_clean,2.730252
BUCYAA_clean,1.3571672
LEGGEK_clean,1.9658353
REXFOR_clean,0.1744808
VELVOY_clean,0.97321016
SETXIA_clean,1.5515652
c5ce02170g_c5ce02170g2_clean,1.7270442
COTVIS_clean,2.7696004
POFSIN03_clean,0.08632253
CEFLEF_clean,2.9361072
JODFOZ_clean,2.028004
IYOCOQ_clean,0.19410038
OCOKUP_clean,1.7619524
WELTOX_clean,0.8625176
ZUBCEG_clean,1.3210313
RUGGIL_clean,3.827664
ZIVCOY_clean,0.24470784
CAXWEF_clean,2.9847512
XEJXER_clean,1.2315197
RUYZUH_clean,1.9685128
IBOTAU_clean,0.9444151
YAWKOX_clean,3.9644365
IKETIB_clean,0.6377175
UCABAE_clean,2.1345348
MECLEL_clean,4.369384
VOBGEA_clean,1.0191349
LUDRUZ_clean,1.4221139
XAGCIS_clean,1.543171
IMIDZB10_clean,0.47897893
QUPJAN_clean,1.2301788
GOYYIE_clean,1.2551943
LACGAZ_clean,1.9449664
QAXQUB_clean,1.2853231
IJANEN_clean,1.1481417
DUXMAL_clean,4.2580185
DUKDOD01_clean,0.89314866
TAJVAE_clean,1.267853
POLDUQ_clean,0.62209237
XOVYUD_clean,0.81441176
jp209895d_si_002_clean,2.4738648
OKAYIK_clean,1.4157281
KULZEY_clean,1.2128503
HAZNON_clean,0.8373951
AYUPOZ_clean,1.5638903
JUFBIX_clean,1.0460277
NUSSEA_clean,1.820941
QUMFUB_clean,1.4645998
ja302380x_si_003_clean,2.150146
XEXLAP_clean,2.1636775
FUVBOP_clean,0.8217244
RUGHEI_clean,3.6025307
MICNIW_clean,3.7061288
QIRYAS_clean,1.4244423
VIYZIO_clean,1.5730337
FUSMIQ_clean,0.7839655
POHLOP_clean,2.270053
OCUMOR_clean,2.9482245
AZIMIH_clean,3.0894392
YUBHAG_clean,1.4061233
BIBXIV_clean,1.4776751
IYOVUO_clean,1.1315079
JAJZAY_clean,1.205236
ACAJIY_clean,1.7472324
FEVDIV_clean,0.8325095
DUQYEU_clean,2.025124
IQIJIC_clean,1.6711282
LAPZEK_clean,0.77617335
BEFNAD_clean,0.82611364
NUJXEV_clean,2.3049183
VUNYUZ_clean,1.7320043
KOMJED_clean,0.14266932
GIXGOK_clean,0.31450853
MAKHAK_clean,2.2716627
LUSZOP_clean,0.8944336
ASALIP_clean,1.369355
ja203898s_si_004_clean,1.2583392
ZAXWAY_clean,2.0209806
MIHMEW_clean,2.4607892
MOFLAV_clean,1.0874829
HUKRIO_clean,1.8224692
ASAMUE_clean,0.76612175
ALUKIC_clean,2.2600164
NDAIAH_clean,2.9715116
DOJYAD_clean,2.056596
KETHEY01_clean,3.1486259
UMOZUT_clean,0.5080343
OJAKUG_clean,2.005067
IZEBEV_clean,1.8873439
LUMYOJ_clean,0.97977555
NAQLAT_clean,2.1707718
EBINUA01_clean,0.9209126
HOXSAQ_clean,2.1177425
IDORIE_clean,1.110477
BUCVIG_clean,1.7112502
UJAQEC_clean,2.3829002
MIDSUP01_clean,0.4217486
ILANUF_clean,2.853115
UXEDOR_clean,1.0028713
FIPKOG01_clean,1.1968138
RUHDII_clean,0.5706597
RUGJUA_clean,-0.041300703
QUQPUO_clean,1.8600235
HAYLIE_clean,1.3125266
SUXYEQ_clean,0.7161702
VARWUI_clean,0.75111055
c5nj01899d_c5nj01899d2_clean,1.5586817
j.jssc.2015.05.012_mmc6_clean,2.655001
IHERIY_clean,2.0279076
OJIDAN_clean,1.8963969
cg801164f_si_001_clean,1.3313016
FUFQUT_clean,1.7593501
MUHNAG_clean,2.7744067
XIVMEW_clean,2.2302327
NIMWUD_clean,0.9656286
MEJZEI_clean,1.1738455
LUWMOH_clean,6.205947
OVIZUP_clean,1.2993358
MEFJUE_clean,2.011921
RONZUP_clean_h,1.2160563
FITJEY_clean,2.2053916
GAWCUF_clean,2.4989507
HAKSIY_clean,3.4330528
BADHUM_clean,0.41509363
BUVXOG_clean,0.59399
XEZPUP_clean,1.3846341
RORTAV_clean,0.4763483
REVYUO_clean,1.8217455
HUYKAN_clean,0.8451176
MATVIN_clean,1.1203284
YUKVIK_clean,0.5414562
XODNUB_clean,1.743592
OPINIL_clean,2.6593924
AJAMEF_clean,2.0537667
BOCTOE_clean,0.09754936
SUJQOE_clean,0.9987089
QAJKAO_clean,2.5676727
BUPVEP_clean,2.3444977
ODAGEI_clean,1.1433514
RIPWIY_clean,1.1028073
MUQSAU_clean,3.735175
WUNTUV_clean,2.2322135
NUVYIN_clean,1.9164603
HAZGOF08_clean_h,0.31198806
c5cc10203k_c5cc10203k2_clean,0.5340932
DACXUB_clean,1.5786451
GISWEM_clean,1.3810269
UMEDIB_clean,0.47201785
PUGFII_clean,3.797873
BOJYIK_clean,3.1667538
LULJAE_clean,3.7914393
ENANIS_clean,1.5733839
VUCCON_clean,1.2618073
QOBWIN_clean,1.6406311
c5ce00690b_c5ce00690b2_clean,1.7218641
MOXNUK_clean,2.3722525
KIBDEF_clean,3.2439754
WUBHEI_clean,2.8017516
FELWEA_clean,0.5540304
XUCSAR_clean,2.6730905
ALAMUW_clean,0.6777957
c4ta05638h_c4ta05638h2_clean,2.1333477
YEGDAR_clean,0.5522045
ic2017598_si_001_clean_h,0.24143411
RUVBOB_clean,2.2144651
LUXWUY_clean,3.0404663
TASWIV_clean,3.3844213
EXEXAH_clean,2.1211495
RUBGUS_clean,1.6921865
ZURLAB_clean,1.3189092
acs.inorgchem.6b00332_ic6b00332_si_003_clean,1.0952308
HOWQEQ_clean,1.9719635
LIWXIZ_clean,1.2068931
EBUFUE_clean,1.5107676
HOWPIU_clean,0.97349334
NUHZAS_clean,1.0635847
COMZAH_clean,1.2537498
c5ce01302j_c5ce01302j2_clean,1.6147076
LUYBOY_clean,2.0483847
CACBUG_clean,1.815028
KEJQAR01_clean,8.411286
TOJXOH_clean,2.2142088
DAFYER_clean,2.0426733
OWUHOF_clean,1.7074202
GUBSED_clean,2.3804252
DIBWUI_clean,1.520158
AKOHEO_clean,2.0253613
LERNAY_clean,0.86222404
VADWON_clean,1.3259983
HAJMEL_clean,0.98463744
CERMIV_clean,2.3267808
GIMHAM_clean,1.3123721
QIDDAI_clean_h,3.516315
ROQMER_clean,0.08070231
COXQUB_clean,1.4496675
SOPLAM_clean,0.82382435
FUHNIH_clean,3.9036858
TAJQEC_clean,3.849443
VOKJIQ_clean,3.4504151
KOFVOS_clean,2.9314096
EGOXII_clean,1.2735676
KIVVOC_clean,2.5248756
SUKKOZ_clean,2.7158659
XANZAQ08_clean,2.0892527
ALUREF_clean,1.9895695
XUFYEE_clean,1.4196504
EVOMOR01_clean,2.2884333
DIYKAZ_clean,1.5240568
KIFWUT_clean,1.3047093
KUQWIE_clean,1.3666822
GAQKOB_clean,1.0432242
OKILUR_clean,1.7173861
POLBUN_clean,2.4224682
QOXNIB_clean,1.0061257
XACPEW_clean,0.3331993
REWSUJ_clean,1.4909469
OFERUN06_clean,0.37028486
WALBOC_clean,2.0178528
KEYROX_clean,0.2598179
MEJQOJ_clean,2.2206361
COKROL_clean,2.4782672
RUHFOR_clean,0.80898196
GEVKID_clean,1.9201655
ZIYPUU_clean,1.7273113
CAWGAJ_clean,1.2914459
LOMFEY_clean,3.8371203
GIRZAK_clean,0.850756
ic1010083_si_002_clean,1.1305728
QUJFUX_clean,1.7706933
ROMQER_clean,1.6283109
WEZCIO_clean,0.52771217
c6dt00658b_c6dt00658b2_clean,1.3605928
MURCAD_clean,3.683142
LOQLEJ_manual,2.159808
CUWROC_clean,2.4532864
GAWMOI_clean,2.0010047
KONFIE_clean,1.6381999
WUDTOG_clean,3.1993616
RESWUI_clean,2.6011193
OGAGIN_clean,1.3741469
YAXBEF_clean,1.1122044
ic502369y_si_002_clean,1.9083756
CADZIT_clean,1.3768487
XUNTIL_clean,3.362739
HEDBUP_clean,2.3640919
WOHSOB_clean,1.8620617
HOJPED_clean,0.33641687
WONRUM_clean,0.58697337
ATUYAR_clean,2.0762637
EVUMUE_clean,2.261323
PIZHAJ_clean,0.78311485
BUSNAF_clean,0.7492929
acs.inorgchem.6b02007_Ru_phen_2_4_PF6_2_clean,1.658351
PUWCOZ_clean,3.4642541
c6tc00116e_c6tc00116e2_clean,1.7405183
ZULVEJ_clean,3.461185
WIBSAD_clean,1.1405308
ASEJOZ_clean,4.9274282
C6DT02195F_c6dt02195f2_clean,1.5069187
TIFZIR_clean,0.80389845
ILASIZ_clean,0.17434
PEBTAT_clean,1.90809
YUCNEQ_clean,3.023289
cg300302n_si_004_clean,2.388263
KECRAL12_clean,0.43410897
acsnano.6b03030_nn6b03030_si_001_clean,2.5200756
SINQAH_clean,1.113085
QUXROS_clean,1.4180847
WEXQUL_clean,1.3362806
cg401887b_si_003_clean,2.2197595
VABMAN_clean,2.412666
LITCUO_clean,2.9593608
SUFJIO_clean,2.0569372
00958972.2016.1250260_1436519_clean,2.6377213
INEXOQ_clean,2.9082592
TETZID_clean,1.2306185
WIHTEO_clean,0.10820078
MONQIR_clean,3.1206598
cm504350q_si_002_clean,2.5360634
ic100188w_si_002_clean,1.1857942
IXISOZ02_clean,1.4929652
SAXLEK_clean,1.4007576
UYOJOI_clean,3.3629863
ROQFUA04_clean,0.048079375
LAMFIO_clean,0.56801355
IZIKOT02_clean,0.7962465
FERVOP_clean,1.847855
HUQHIM_clean,0.7660839
SALRON_clean,2.1439161
VOBQEK_clean,4.1645694
WOGHOP_clean,1.255542
GAWMAU_clean,1.4587872
GIFSOF_clean,2.0368612
UCEGEQ_clean,2.8083315
XEJWUG_clean,1.0683011
QODHUO09_clean,0.699312
IJUJEE_clean,1.8380488
ELILAN_clean,2.958816
IXITIU02_clean,1.3861881
RAXDAX_clean,0.6569752
CUTFII_clean,2.563826
BELYIC_clean,1.7038828
HAYTEI_clean,3.7114065
QOGREK_clean,1.359376
DONKUO_clean,3.0686767
AXAFAG_clean,0.5611119
SUVYEP_clean,0.64318573
GOZNEQ_clean,1.5907629
jacs.5b12516_ja5b12516_si_002_clean,0.46516925
cg900349c_si_002_clean,1.4716508
IHIWIF_clean,1.4990544
DAGDUL_clean,2.441717
ECOROD_clean,2.1947691
SOHNEJ_clean,0.60851765
DADPEG_clean,0.57430357
ILUHON_clean,2.4649978
OKIWUB02_clean,2.2513852
UMODEH20_clean,1.0084246
KAHYID_clean,2.4721892
EWUGEK_clean,0.94252604
acs.cgd.5b01684_CUTGIJ1438510_clean,3.4036827
BOSHIC_clean,1.7241204
ONALEV_clean,2.0758126
GALFAB_clean,1.5422326
GARQAU_clean,0.9786745
QATRAG_clean,2.62761
CUZBUW_clean,2.9581914
NOBVOR_clean,1.7898346
PIGHIX_clean,1.9507265
OVEJIJ_clean,5.5064383
DADNOO_clean,0.41503504
AXINEA_clean,1.4401667
LABKIL_clean,0.3418227
IFAQUC_clean,1.4056623
TILHAZ_clean,1.609138
CEYPUT01_clean,2.0295227
VAKNAZ_clean,3.1568718
HAMRIY_clean,0.5558273
YIZGOF_clean,6.835217
AQUKII_clean,3.4607732
SUWBET_clean,2.9662817
WEMNEJ_clean,2.4585905
QUSBIP_clean,0.5064495
TEWGEJ01_clean,0.8821807
YARZEZ_clean,0.2613637
MIHLIZ_clean,2.549249
QALNIA_clean,2.8240738
WAKLAW_clean,2.3866966
KIFKAM_clean,2.363632
HOZDIL_clean,2.7739787
BASSUL_clean,1.0841388
JEJKIT_clean,1.1799979
WIMWEW_clean,2.1908345
ECODOQ_clean,1.9388274
FIJDIM_clean,3.6947486
VAMYEQ_clean,0.37910086
QUVFAP_clean,1.2143248
ELILER_clean,2.5999331
OCIVIH_clean,2.0163486
acs.inorgchem.5b02786_ic5b02786_si_002_clean,2.800149
PIGXAF_clean,1.0801756
BIZMAA_clean,0.9054268
PIRYOF_clean,1.0517014
CSCNCA01_clean,1.2461021
LEDPIU_clean,1.3192116
TUKYIJ_clean,0.7425305
XUGWAZ_clean,1.3122203
EJULUS_clean,1.854121
ASIQEA_clean,0.5760487
WUTKUR_clean,2.1446104
CEHRIS_clean,0.56875896
ESIDOB_clean,2.128576
DEMLAJ_clean,1.0273595
PEGPOI_clean,2.2389758
QUJKOX_clean,2.3125448
MUGQAI_clean,1.2810959
ZUTBIB_clean,3.2355208
ZISNEW_clean,0.8238417
UTUMAY_clean,1.566534
HUDMAW_clean,1.0073825
ABEXUC_clean,3.0082626
IYUQEZ_clean,1.3794031
WEBQIF_clean,0.2791059
c5dt01526j_c5dt01526j2_clean,0.8725029
LOFVIN_clean,2.4335706
PODKOK_clean,0.21064213
LAXMIJ_clean,1.7493145
BIMDEF_clean,2.5530508
EBITAL_clean,2.053192
QIQVIX_clean,1.7263385
CUWYAW_clean,5.2839413
IGAHED_clean,4.281623
FUFTUX_clean,1.1137449
GOYXID_clean,1.3261927
JEMNAR_clean,1.5752711
ic402280p_si_002_clean,0.9506198
RAVDUP_clean,2.4107943
CEZNAY_clean,1.5030509
c5nj02907d_c5nj02907d2_clean,3.5209434
JOKYOX10_clean,0.3729617
EWUCOP_clean,2.0002754
REYMOZ_clean,0.7403577
ILUGOM_clean,2.1203158
POKSAL_clean,1.4418608
KIKDEP_clean,2.4021645
COMZIP_clean,1.2254463
WIDZOA_clean,0.50687045
HAFWIW_clean,1.791907
OTAXOX_clean,1.222205
IDUDIW_clean,2.563949
CEKRUH_clean,1.3087127
MUTNAQ_clean,1.5621125
LOMMOR_clean,0.34875777
BOWDIC_clean,1.0769484
ULOGAE_clean,3.1637442
XAWZOM_clean,1.1013589
JADBIC_clean,3.9301562
FUXCOS_clean,1.2721406
GUBVUU_clean,1.5377209
VUGXAY_clean,3.8065257
ECODEG_clean,3.4373748
JOKYAJ10_clean,0.8476834
jacs.6b02030_ja6b02030_si_002_clean,2.3554308
IGUCIY_clean,1.2725364
YOZYUJ_clean,1.2110461
BEZDUH_clean,0.6499607
CUMKIG_clean,1.1640102
DAWVII_clean,0.86087674
ARUCOH01_clean,1.7733254
XOQXEH_clean,1.8626451
HADQUA_clean,1.8611208
FAVKET_clean,1.718667
VOCPEK_clean,1.0281945
j.jssc.2016.09.008_mmc7_clean,1.7113585
BARZIE_clean,1.4448825
HOQMIL04_clean,1.7098433
REGMOH_clean,1.3390493
PUGJEI_clean,3.7771845
BAXGAK_clean,1.5980586
c5ce00211g_c5ce00211g2_clean,1.173554
SIFVAG_clean,1.8665292
NATHUO_clean,1.1372442
GIQZIQ_clean,6.1269994
S2052520616005515_bm5080sup1_clean,1.1711334
c6cc00862c_c6cc00862c2_clean,0.65175974
FIGQUJ_clean,0.78185683
FELVEZ_clean,0.40171352
YIWZOV_clean,1.8531375
HOJNOL_clean,0.33641687
RAKDAJ_clean,0.60851765
ZIZTOT_clean,1.4832909
FUWFOU_clean,1.6100254
KOMHEB_clean,2.1302788
FECCIZ_clean,3.503664
INIRAY01_clean,0.7374755
XIHXAP_clean,2.5097568
QEJYIP_clean,2.956609
AQUDEX_clean,0.5999821
UFENEZ_clean,0.17510614
ILOJEZ_clean,0.9723009
ATIBIO_clean,0.58474505
XAVQIU01_clean,3.7616205
UJIPAG_clean,1.1440476
MAYFUN_clean,0.9832614
TADCAE_clean,2.051747
WEDXEK_clean,1.388737
LOQSOA_clean,1.5596161
c5dt02374b_c5dt02374b2_clean,1.6574736
ZOMNUM_clean,3.913953
EVOMOR_clean,2.2884333
AFOYOK_clean,1.1559888
HEKTUO01_clean,2.2036874
DEPJIR01_clean,0.010938485
TORKAO_clean,3.8622947
OTODIM_clean,1.5064917
c6ra01933a_c6ra01933a2_clean,1.1980947
ALURIJ_clean,1.9891138
HEXNOO_clean,1.9162784
IYUHEQ_clean,0.6755546
LABJUV_clean,0.7956027
UVUDEW_clean,1.4471037
MIHLEV_clean,3.3075056
ZIDBEV_clean,2.6146808
NOQNOY_clean,3.497686
HAPNUK_clean,3.1062272
XUHVON_clean,2.2580574
cm503311x_alf300K_clean,1.03497
HEGJUZ_clean,1.7700398
EGAGAW_clean,3.0607762
GOGSIF_clean,1.1094862
LIHSIF_clean,1.791533
SUFJOU_clean,1.938922
QIYCEI_clean,1.5181797
WOTSEF_clean,2.2317343
GOXMEN_clean,1.0873034
CUQKOQ_clean,0.7147454
SABYIG_clean,1.9207413
IMUKUW_clean,1.2685324
IMAGAG_clean,2.8877962
YOGVEX_clean,1.2588387
DAWBUA_clean,1.5661042
CAXZUY_clean,1.1315117
ARINUL_clean,1.7204688
BAZDAJ_clean,0.22255883
BARZOK_clean,1.0017827
QIWQES_clean,1.5946689
QERWAL_clean,1.695395
WECSAZ_clean,2.9706142
SAJLOH_clean,1.1455883
j.jssc.2016.10.008_Gd_clean,4.0721855
CODSUL_clean,1.6727269
KAXFUM_clean,2.7172754
ESARAT_clean,2.273711
HOQNEI_clean,1.7783422
WAXHUB_clean,1.2472417
GARPAR_clean,1.4592656
FIFMIS01_clean,2.377362
XEQLEM01_clean,1.2723857
QESRAI_clean,0.95910853
LAGPAM_clean,4.7897053
RIPNOV_clean,2.041573
GAMXAV_clean,1.5593997
FIFPOA_clean,2.6446948
WOBCIB_clean,2.4643257
ic034943jsi20030807_040506_clean,1.33053
XIVMEW01_clean,2.5308483
INIGET_clean,1.7054888
XUCLIS_clean,2.1113214
PELGOE_clean,2.1544821
EQETAX_clean,1.8298199
AHEBAS_clean,1.7450547
LIHRIE_clean,2.6477048
PUWXAH_clean,1.7569178
WEYQAU01_clean,1.3176208
PUGHIK_clean,4.2295322
NIKYOW_clean,0.18099207
BOMCOX_clean,1.6689773
YEKWOC_clean,2.2662578
XURNUU_clean,3.4783583
YARKAF_clean,2.1435874
NEZWOG01_clean,4.0535192
c6ra05961a_c6ra05961a2_clean,1.59687
YAZZAC_clean,2.2113943
VEDFOB_clean,1.1955228
EZUCOS_SL,1.941531
ACAKUM_clean,2.4214683
CEFDAU_clean,3.228178
UKULOB01_clean,0.35559633
COYVAO_clean,2.6632187
LALPOF_clean,2.0475671
DULCAQ_clean,1.4823252
c6dt00753h_c6dt00753h2_clean,5.794574
ROTQIC_clean,2.317234
XOLGEM_clean,1.7846253
YUBGUZ_clean,0.2536809
ATEZAC_clean,1.7346091
j.jssc.2016.10.030_1_clean,2.2594204
YUZBUS_clean,1.461864
HAKVAT_clean,2.7530289
INARUM_clean,1.8554429
PAPPIH_clean,0.92955667
cg0702636-file001_clean,1.9127781
UNERUB_clean,0.14074937
NEVJEF_clean,1.8603369
KOBPUN_clean,1.2371408
ODOMIF_clean,3.0639095
cg800945m_si_002_clean,1.0222529
ZUBFIN_clean,1.6020815
NICCAE_clean,3.4671094
XIPBII_clean,2.0958297
DUGBAJ_clean,2.5254314
FIVNAZ_clean,3.1173813
FASFOX_clean,1.5122135
HORHEC_clean,1.4939147
IXAMIE_clean,0.6287215
LEJRIC_clean,1.4368458
SODXUG_clean,1.955771
KOLWEO_clean,1.5216335
j.ica.2016.10.007_1-IV-523_sq-fin_clean,1.9712952
OVEXOD_clean,1.5239754
HOWSET_clean,1.6063815
LEZWUK_clean,1.2996224
YAVVID_clean,4.227469
BAKJII_clean,1.7821985
SIQCOM_clean,2.040204
KOMHAW_clean,1.2351987
WOJJOV_SL,2.0373764
HAWVEI_clean,1.735337
TAQGEZ_clean,2.174087
UDIDAO_clean,2.2498357
DIVMUR_clean,0.56611174
CEDFIC_clean,3.4562533
TIQFIJ_clean,2.8355703
XOMCIL_clean,2.4062102
FUNGAY_clean,1.8760597
EBAWIQ_clean,1.5576978
ESIWAF_clean,5.427476
SETPEO_clean,2.6147494
CAKYIY_clean,2.3336287
c5ce00724k_c5ce00724k2_clean,2.178253
WIPDEF_clean,3.3145437
EBIGED_clean,4.2210507
ISIYOZ01_clean,0.6143373
BIMDIL_clean,2.4913
EJUVOU_clean,1.0746716
IRELAU_clean,4.5377007
QOFDIA08_clean,0.7431657
PUQHEP_clean,1.9322283
MOVFOU_clean,2.33551
ABEXEM_clean,2.6179576
CODFUX_clean,3.8815765
UVUFUN_clean,2.4148622
XEKCIB_clean,1.54883
UVEWIC_clean,3.4858842
SOJDEB_clean,1.6246524
GIRGUL_clean,1.5840906
NAHGUB_clean,1.3998098
SOZPUU_clean,1.5481153
NUNWIE_clean,0.9845284
ESIFET_clean,2.1817133
JEBDOK_clean,0.86963755
LOQSEQ_clean,2.0538728
LERNAY02_clean,0.87540936
EBAVUB_clean,2.2003057
CISXEJ_clean,2.927304
LOZSAW02_clean,1.3656018
C6DT02408D_c6dt02408d2_clean,2.3219166
VUVZAP_clean,1.7971379
NUXMAU_clean,1.4353125
ABEFUL_clean,1.3652563
YOYWEQ01_clean,1.0254279
SOTTUR_clean,2.4736593
ZASTUK_clean,3.2964172
PAPVIN_clean,1.826496
ZEZPOL_clean,4.2900624
XANMIJ_clean,1.816774
NODKAT_clean,1.9441627
ja512437u_si_004_clean,2.9167619
RANNUS_clean,2.3321412
GOWHOR_clean,2.6482856
SUSMIE01_clean,0.91172624
ZERNIV_clean,1.6714058
XEDGIY_clean,3.2008252
YIWLUL_clean,0.031381164
ja500618z_si_007_clean,0.1109618
JILWOR_clean,5.5283237
WAVQER_clean,1.3883232
IXUWOO_clean,1.7462422
OHAZAZ_clean,2.513732
YOYVEP01_clean,1.0048724
ERIWAF_clean,0.95447093
YUJNOH_clean,2.2031233
NORJEL_clean,1.7655495
VOXYUE_clean,1.2689223
YUKXEJ_clean,2.3387153
CODGAE_clean,6.7643566
ZAHLEC_clean,0.16323015
NAFSOF_clean,0.21810682
SAPJEZ_clean,6.555193
PAMHES_clean,1.8969622
NOHKUS_clean,3.4088683
DADNUU_clean,0.22991279
JOSQEN_clean,2.2546704
MORFEG_clean,1.1004915
LUMLIQ_clean,1.8663484
NULMAJ_clean,0.92536
VETMIS_clean,0.22566299
IDEYOF_clean,1.2565712
c6cc02494g_c6cc02494g6_clean,2.6621454
WOFVIX_clean,1.2170346
MEJQID_clean,2.3036249
DEFRIR_clean,4.692224
POLNAG_clean,2.4243772
OPAMOI_clean,2.6737702
KOMJIH_clean,0.17711608
NIKYUC_clean,0.20421168
YANBAR03_clean,0.2658755
HOJNUR_clean,0.33641687
j.jssc.2016.09.009_mmc2_clean,3.1102297
VAPFUP_clean,1.6528234
LAZXOB_clean,0.98855925
REXDIJ_clean,0.20024393
NOCKUM_clean,4.6449194
RANNOM_clean,2.0189238
QIXSOG_clean,0.87209964
BARZAW_clean,1.2465429
CUWYUQ_clean,2.8254862
PUPYAA_clean,1.6048244
BUCPAS_clean,1.4999329
HUCWOT_clean,2.9387312
YUZCED_clean,1.4663279
XUCNOZ_clean,1.8065143
RUHFUX_clean,0.8426715
WEYQAU12_clean,1.415388
LEMMAS_clean,2.368447
c6ce00082g_c6ce00082g2_clean,1.4447693
SIKJOM_clean,2.300199
CANZOH_clean,2.337505
ISIYUF_clean,0.61870664
PECLEP_clean,1.6123929
OMIPEH_clean,1.1906716
ic402692p_si_003_clean,1.955455
SUXYOA_clean,0.5510665
CIGFAB_clean,3.1072936
NISCOJ_clean,1.7355455
INOSIO_clean,2.7773273
XEXMAQ_clean,0.7442597
MOGMIE_clean,1.9881508
LORRUH_clean,1.5525668
COYTUG_clean,2.6812422
LUDVUB_clean,1.7702965
ENITIF_clean,1.9335322
XAHPUU_clean,1.657
REJLEY_clean,1.8485664
SUTJIC_clean,1.4635062
c6nj00089d_c6nj00089d2_clean,1.0960231
COWXOC_clean,1.4178768
KUKQAK_clean,1.2062347
LIQFEY_clean,2.7313058
j.jssc.2015.05.012_mmc4_clean,1.7418712
KUMJIN_clean,1.0217526
MARKOF_clean,1.917193
EPUXET_clean,1.1597787
EKETUL_clean,1.3677628
ETAXIH_clean,1.3422259
DOGMET_clean,2.041432
AWIBAK_clean,0.264089
FIJDIM08_clean,3.6627536
EDUSIF_clean,0.23665181
FAGXIX_clean,2.8935385
GAGZEV_clean,0.27072546
GAJTUI_clean,2.11952
VUQKAU_clean,5.3918023
WEDWUZ_clean,1.2813245
YAQCAW_clean,1.6183255
DOTWAL_clean,1.8420651
ASALOV_clean,1.6183759
FAGVUH_clean,1.5423311
GAXWEJ_clean,2.4607396
UZOBER_clean,1.2874947
c6cp03028a_c6cp03028a3_clean,1.2500796
OQUWUU_clean,0.7271476
DIKJUD_clean,1.8391601
VAYWEZ_clean,1.0341574
SABZON_clean,1.8882941
TUTJAU_clean,4.0782113
USATAL_clean,1.0998043
RONSOC_clean,0.36929473
ncomms11950_ncomms11950-s3_clean,1.0629805
COWROX_clean,2.7716928
j.inoche.2015.03.033_inc05930-mmc4_clean,1.5545216
EJEFOP_clean,0.8945983
SAHBAF_clean,-0.02988417
GIDKOU_clean,3.8816597
POVZOR_clean,0.72757286
KILJEV_clean,1.1792184
CELZEA_clean,2.5978267
SATCIB_clean,1.5415736
HISGIB_clean,2.7905579
HUNBEX_clean,2.1820447
OJAKOA_clean,2.295343
TENLIJ_clean,2.342088
j.jssc.2016.09.025_cif-3_clean,2.619132
TUMQID_clean,2.5665467
XUNSEG_clean,2.5725343
GADHIF_clean,1.4042685
RUMROI_clean,1.0646094
MIJHOD_clean,3.1252365
GOYXEZ_clean,1.3520823
DUFZOU_clean,2.2895486
KOJZIT_clean,0.34293553
ELIYUU_clean,2.7070563
ROBWAH_clean,1.37067
WEYQAU16_clean,1.6081547
TIYZEG_clean,0.9059065
CUXDUU_clean,2.394057
FOQTEL_clean,1.7526605
WAHREE_clean,1.3268813
RUKMEQ_clean,1.30886
PEWGEF_clean,0.875391
PUSRUR_clean,1.3954887
YINDOQ_clean,2.517207
NASROR_clean,1.8635252
IFAGON_clean,1.2850392
UZAFIL_clean,1.8638062
NOCLUN_clean,4.3265147
MODJOG_clean,2.467157
GASSUR_clean,1.5697211
MOTKAI_clean,3.1676795
TOTWAC_clean,1.0872154
CIPLIX_clean,4.083365
DEPYED_clean,1.538086
SADMUH_SL,0.6122972
REJVOS_clean,0.85802287
VAGJET_clean,1.2412447
JOKWOV_clean,2.943905
YINTEW_clean,1.72699
LUFQUZ_clean,2.8001068
UMODEH24_clean,0.46347368
c6ce00243a_c6ce00243a2_clean,1.5140194
AMUFOF_clean,2.7893379
KEWZET_clean,4.177643
SAQZOB_clean,2.156312
GEDDAW_clean,1.4147352
VAPBEV_clean,2.681972
SAPHUP_clean,0.27876878
GOLYOX_clean,1.3004106
GIKQIC_clean,1.2760998
FAQVEA_clean,1.154346
QUHMOX_clean,0.9913217
UFOFIF_clean,3.5625844
MOYYIJ_clean,0.7033903
UZANEP_clean,2.794671
HAJLUA_clean,0.7564289
GITTOT_manual,0.6435346
DAGDIZ_clean,3.2266986
TISGUY_clean,1.7357829
WUDTIA_clean,2.773141
QERZUI01_clean,2.3499622
TISKOW_clean,1.681922
DOJXIK_clean,2.6814036
UXEFEJ_clean,1.1542535
EPISOM_clean,0.7271112
UFILUR_clean,1.7038575
OKIPUU_clean,1.0791876
HUNCUQ_clean,2.799786
c5ce01260k_c5ce01260k2_clean,0.529447
HIHFUB_clean,3.0088654
DIBQEM_clean,1.3423662
UGUXAV_clean,2.0889695
PEWFII01_clean,2.7920277
WELTIR_clean,1.0311983
FERVUV_clean,1.9423157
ATUXOE_clean,1.9975461
DUWTAS_clean,3.3416364
WOPHEQ_clean,1.8851469
PODVUB_clean,0.70330006
QUPHIT_clean,2.025665
CETPIB02_clean,0.150045
NUWBOX_clean,2.047106
AMIWOJ_clean,2.1934872
ZIDDIB_clean,1.0583295
FIJDEI_clean,1.2913746
HALVAU_clean,2.116547
XAHPUT_clean,0.19717705
TAPKAY_clean,1.147874
DIKPOD_clean,2.9953823
KUDMAY_clean,0.36339188
NEFTUP_clean,0.7038824
JALCAD_clean,2.207614
DUKMON_clean,1.872991
acs.inorgchem.6b00894_ic6b00894_si_003_clean,1.1789472
ZETQEW_clean,0.024531584
WILFED_clean,1.5344496
EQUNIP_clean,1.5588202
LUFBUL_clean,1.3758365
JUGQIN_clean,4.519602
UTOTUT_clean,0.778384
FIQYUA_clean,0.23230007
IZOJOW_clean,1.1622353
EMOFIX_clean,1.0933388
XAMDUM02_clean,0.7779356
FATKES_clean,2.9359844
HAWWUZ_clean,3.9577081
RASXIT_clean,1.9870596
PUQXUV_clean,1.1070614
XEJTIR_clean,2.6206691
DIYTEM_clean,3.4925532
QUVFET_clean,0.7751316
LEYFUS_clean,1.5785186
SEHMAU_clean,1.3535705
VOTKEW_clean,3.0250068
OPENON_clean,1.085065
PEMRIK_clean,1.741154
SOCKOM_clean,3.312517
IBITEU_clean,2.1245592
AJAKON_clean,1.9472678
MEJQEZ_clean,2.2651668
LOPZAS_clean,3.3670983
UXUYUI_clean,1.2373648
PEVFON_clean,0.24830773
QARCET_clean,1.7503097
FAHQIQ_clean,0.9094679
OKIQAB_clean,0.99641025
POKSIT_clean,1.3256304
KIYBIF_clean,1.1246392
XANNAB_clean,1.2428522
QUKYOL_clean,1.738705
HAKSEU_clean,3.8078072
EJORAY_clean,2.3549256
XULGUI_clean,1.6609225
QUFGIH_clean,4.438431
ja500618z_si_008_clean,0.11370803
NIKKAU_clean,2.510979
ROQDIM01_clean,0.08843303
PAZXUJ_clean,0.4606026
NIZZEC_clean,0.60851765
NOFHUM_clean,2.5119026
KASPOL_clean,0.9178733
ORAJEX_clean,0.78970194
FIPXEJ_clean,1.5391958
KOMGEZ_clean,1.1925862
KAHKUB_clean,0.12791358
UDEGIW_clean,2.0947223
FORWAL_clean,1.7268595
ic5b00217_si_002_clean,0.16268879
ULAQEF_clean,3.0862627
ZOXFEZ_clean,1.9146074
VIWLIY_clean,3.9406555
VALZIU_clean,2.2304482
ICIZOL_clean,2.1858904
IWELIG_clean,1.7826877
KIVDUP_clean,1.2335329
PENNUT_clean,1.5235983
JUZSEE_clean,1.4809968
VEJYOZ_clean,0.4775091
IBABUL_clean,1.3978431
PUQHIT_SL,0.96573216
c6cc00399k_c6cc00399k2_clean,1.1136123
MALSOK_clean,1.8498373
KENJEU_clean,2.7989943
MUVHAN_clean,3.3364906
QAGCIN_clean,0.7206631
HABRIN_clean,0.6183189
GEHSAN_clean,1.201041
RUSSAA_clean,1.5214045
NIHBEM01_clean,0.20421168
HOGJUK_clean,0.81377864
YOFXIC_clean,1.1190268
ic400853r_si_002_clean,2.7806869
HABKOM_clean,2.0459921
ILAXEA_clean,2.0019422
GIKMOD02_clean,0.97495013
XISKUF_clean,3.124625
BURQIQ_clean,3.1110096
HEDTER_clean,1.3758086
c4dt03077j_c4dt03077j2_clean,0.6893019
OCURAG_clean,6.485129
POLBIB_clean,6.0980654
BUPFAU_clean,0.6013926
DIHVIB_clean,0.7302944
YAJZIV_clean,2.388402
ACOLIP_clean,2.4220154
GIFFEI_clean,2.4936607
QAMLEY_clean,0.55624956
FOKZIQ_clean,2.5396953
VOTMAS_clean,1.8076842
ja410368j_si_002_clean,0.97321016
ERIJUM_clean,0.392787
REJLAU_clean,0.76566905
HEKTUO_clean,2.6455505
SEQSOY_clean,4.294825
VIWMEV_clean,4.3068867
c5ce00767d_c5ce00767d2_clean,3.5721219
ILUJAB_clean,2.6339955
HAKTOF_clean,3.0955567
YAVZUT_clean,1.8818219
XASFAY_clean,2.1529133
KUFVEO_clean,2.799592
ATICEL_clean,0.2896208
UZIGOB_clean,0.704656
BAQWIC_clean,1.142888
GARLIX_clean,3.762135
CUZFOR_clean,0.5018191
PIYFIO_clean,2.0762656
NICJUG_clean,0.66100836
BINDAF_manual,0.29313427
VAJTUX_clean,1.5182307
GOYPER_clean,0.09905708
ISISUZ_clean,1.1562561
IVARUT_clean,0.9332432
ncomms11950_ncomms11950-s5_clean,1.086606
NETRIN_clean,3.1398985
QUVDUH_clean,1.509115
NOKPEJ_clean,1.8427528
MAGVOG02_clean,0.15176034
QAWRIQ_clean,2.0470204
YIVZOU_clean,2.4867694
IZOTUM_clean,0.4967978
BUXTUL_clean,1.3349638
DEKPEP_clean,2.405947
TAJVOS_clean,1.1238124
TEVZUQ_clean,0.28335345
FAVGAN_clean,2.5261848
XODXIZ_clean,1.3145512
WOHZAU_clean,2.836973
NOSHIO_clean,0.595614
UXOWIO_clean,2.7264063
RASKON_clean,4.2561145
WEYQAU13_clean,1.6628946
BEYSEF_clean,1.6350212
ic501879w_ic501879w_si_002_clean,3.895214
LUTCEJ_clean,0.8944336
YARDEC_clean,2.421482
YOMVIG_clean,2.8911202
DISSUU_clean,1.7179163
cg500121f_si_004_clean,2.3278067
PARNON_clean,0.8483633
ROSCEH_clean,1.9382362
TIGQOR_clean,3.1856456
ARINOF_clean,2.01911
SIWTOJ_clean,2.9313276
XAFFER_clean,0.44323948
YARYOF_clean,1.5723454
acs.cgd.6b00429_1438789-1438792_clean,1.7682995
SEYFAE_clean,2.262692
PARSAF_clean,2.9298296
PEFTAX_clean,1.1555997
IYOCIK_clean,0.19410038
VAPFOJ_clean,1.0800197
cg301725z_si_003_clean,1.6451945
VAYWID_clean,1.009188
DIMKUH_clean,2.3109574
MAGVOG19_clean,0.2061915
NEDLOZ_clean,2.1995244
AZAFIS_clean,4.189652
WEMFOL_clean,1.9499185
VEZWEE_clean,2.5910842
acs.jchemed.6b00258_ed6b00258_si_005_clean,0.8656808
EBISAM_clean,1.39525
MIMFOF_clean,3.0370018
SOXDEQ_clean,2.37641
SABZED_clean,1.9322629
LABGAY_clean,0.9729302
ILUFIF_clean,2.032515
KAPGEP_clean,1.2381747
VOSTUU_clean,2.005143
SUJRIZ_clean,0.70427
DIBXIX_clean,1.806678
SIRZUQ_clean,1.0952969
VIGNOQ_clean,1.5141475
XISPUM01_clean,0.63401836
FAYPAY_clean,0.4825425
NIFTIH_clean,3.3968618
YONNUL_clean,1.9074452
NEDJAJ_clean,1.0571258
ESUVAR02_clean,1.7026035
XAVQIU_clean,3.8708494
YINCUV_clean,1.8842586
ITAPAU_clean,0.36383694
NIGLUK_clean,2.0901494
EGAFOJ_clean,2.9744265
OYEBIE_clean,1.5893818
VUWPIN_clean,1.5533544
UKUPEX_clean,3.1264596
XALTIP_clean,0.5351914
VAHFAM_clean,0.73093456
AKOBAF_clean,3.3832107
j.matlet.2016.01.080_mmc1_clean,1.1069
WOPHIU01_clean,1.4621599
DAJHOM_manual,2.043221
LUSVUS_clean,2.744773
WOYJEB_clean,2.0425885
BASTUM_clean,0.74976045
KIKDIT_clean,1.4050968
RILVOZ_clean,3.1417289
BAHGUN02_clean,1.0790995
VAQLAC_clean,1.3665471
EHUCOA_clean,2.4029152
WEFZIS_clean,2.5151658
JOXPIX_clean,2.595414
WOLFAG_clean,1.583688
APAYIB_clean,4.9396687
SOWYIM_clean,3.455789
XIPHIN_clean,0.060150616
MIDRAT_clean,1.2007767
BERFIP_clean,0.83911455
ROQNES02_clean,0.08705625
CUGVUX_clean,0.5858394
j.inoche.2015.03.026_2_clean,1.7150942
YASNAJ_clean,1.5196054
HAJMAH_clean,0.80768764
ZIYQAB_clean,2.1193397
LAVTAF_clean,2.786865
UJIPEK_clean,1.1465781
ILINIC_clean,1.2839684
IGAGAA_clean,1.8576139
LOKPEG_clean,2.0270088
JAFPIQ_clean,1.8617352
ic202626c_si_002_clean,1.4937717
GOSRIP_clean,1.0473919
HEMVEB_clean,0.8824347
CETVAA_clean,1.3045096
MESGIB_clean,1.5317501
IYEQUA_clean,0.9598354
SOYWUZ_clean,0.6581662
XIHXET_clean,3.3889132
BIQHEQ_clean,2.2687006
ETUWIA_clean,2.300259
PITPIT_clean,1.6298007
VEJYUF01_clean,1.3402494
CEBDOD_clean,1.368678
XOBDUO_clean,1.004117
ZETQIA_clean,0.42108196
DOKDEN_clean,0.6527597
MICPEU_clean,3.7556324
HAVYOU_clean,0.7305272
c5dt00480b_c5dt00480b2_clean,1.9644117
NIZZOM_clean,0.607545
HABZEQ_clean,2.2752647
EPUSUE_clean,0.9243869
VEQBID_clean,1.0334909
FODBOR_clean,2.3485498
TOVJIZ_clean,0.15834464
TEWFUY_clean,1.9989563
ZETPUL_clean,0.16242406
DICVAO_clean,3.5599656
CUGVUW_clean,0.9271291
UQUHAQ_clean,2.7742987
VEHJOJ_clean,2.5908532
PUNCIL_clean,3.1529136
DIDBAV_clean,1.133082
AWAJIT_clean,1.2039078
FIHRIZ_clean,1.084226
SEFVUW_clean,0.2598179
FANQER_clean,0.8765973
OHEGAJ_clean,1.6847255
KIRTOW_clean,3.4631805
XAPDAU_clean,0.6165961
TEVZOK_clean,0.33758983
DIRBIP_clean,2.4387865
QEGHEP_clean,0.85977936
WIFGOJ_clean,0.3746086
PAXWOB_clean,1.1046742
KUQXIE_clean,2.06011
NEDXOL_clean,2.0335157
ULAQAB_clean,2.3872018
XAFNOH_clean,1.8464837
INIRAA_clean,1.6670725
CEXHET_clean,1.7759154
WEDXAG_clean,1.303585
TACJIS_clean,3.523042
CICSOW02_clean,1.7061101
WILGOO_clean,1.879047
QODHUO05_clean,0.67392385
KIDDOS_clean,2.5993524
VIRVEY_clean,2.5368526
RASXEP01_clean,2.2315488
ANUGIA_clean,0.4383924
HAJLOU_clean,0.70826465
SUXYIU_clean,0.67368495
TEHRUU_clean,2.105262
MOFKUO_clean,0.33607924
HAPPAS_clean,2.6750727
ETEMIB_clean,1.865169
FOQNIK_clean,1.7299131
JUVWUU_clean,3.9676297
XOQXOR_SL,1.9142423
HUCXUA_clean,2.053296
ZETMOC_clean,2.0504143
HOWJEK_clean,1.8891176
HEBTEP_clean,2.9536488
TILDIC_clean,1.9807647
DIDBEZ_clean,1.133082
XAXBEF_clean,1.0429261
WECBAJ_clean,1.3417135
GIKMOD11_clean,0.8944336
JILWIL_clean,6.813986
KUTRIC_clean,2.2640395
acs.inorgchem.6b00186_ic6b00186_si_003_clean,0.38615063
FIGXEY_clean,3.5051217
UNEBIZ_clean,2.139423
ZUNZIT_clean,2.5526268
BOXYIY_clean,1.2239119
SETFUT_clean,2.5165296
MABCUQ_clean,2.4224625
WEMHED_clean,1.4033164
WECBOX_clean,1.6779664
ic401157n_si_002_clean,1.6835803
GARTIF_clean,3.2352514
EBAVIP_clean,2.4586697
ILECIN_clean,0.82945603
QISJEJ_clean,1.3547697
GOBSUM_clean,3.1512032
MALSAW_clean,1.809699
ZERNOB_clean,1.0577098
CIWZIT_clean,0.6814998
NIVNOW_clean,1.1825399
MOLRIP_clean,1.6643755
QINSUD_clean,-0.07163356
XUNGOD_clean,2.8112073
EBUQEX_clean,2.6794434
VUNHAN_clean,1.3844377
VOFFED_clean,0.7961795
BAHGUN04_clean,1.0790995
ARAFEF_clean,1.9387194
TONBOO_clean,2.1538074
RAVXAP_clean,1.2430634
LIKFOB_clean,3.6924582
REFMEW_clean,2.175969
NARPOO_clean,2.7957191
KIVSUF_clean,0.929695
CAFRUX_clean,1.492583
ZUSBIA_clean,2.72093
GAGTAM_clean,0.9248252
MAFZOK_clean,1.3393011
JUVROJ_clean,2.3431506
HEMVIF_clean,1.2934114
YUKJUL_clean,2.463292
OCINIA_clean,2.2200174
WAGLEY_clean,1.8728431
OPIPUZ_clean,1.5099494
JUGLAA_clean,1.1181744
EMUVAL_clean,3.1127017
MUZVUA_clean,2.3678057
QOBWEJ_clean,1.2147955
DAJHUS_clean,2.1138275
GOYXUP_clean,1.2865138
EXIDEV_clean,1.6124983
EMIYEF_clean,1.1291994
VAPBIZ_clean,2.681972
KIKDOZ_clean,2.721977
MOVGUB_clean,3.6940253
BOCTOE01_clean,0.14950204
TUVDOD_clean,2.9576125
IJASES_clean,2.4581192
KEDJAG03_clean,0.085019045
SAPHOI_clean,3.1898398
LOGBEO_clean,6.835217
XOVPON_clean,5.7524624
KOZQIB_clean,0.27559274
acs.inorgchem.6b00878_ic6b00878_si_002_clean,4.515269
RUVKOJ_clean,3.70062
EBEGEZ_clean,0.7738455
NERVAJ_clean,2.9797533
ZUSBOG_clean,2.7890909
HOPYEQ_clean,1.0555195
HEBTAL_clean,3.8738523
c6cc03541h_c6cc03541h4_clean,0.56016237
YOTSAD_clean,0.96457905
GUSCIH_clean,2.1675773
DOJXOQ_clean,3.113049
NISPOV_clean,1.257963
DUZWOM_clean,0.6321377
ATIRUS_clean,2.0080047
KONFEA_clean,1.5785075
VAYDOQ_clean,1.9816391
c6ra27069g_c6ra27069g2_clean,1.5117794
LAQNOJ_clean,0.8382903
OVEDID_clean,2.7733266
cm301726k_si_004_clean,3.0349627
EBIPOX_clean,1.2287655
HEGNIR_clean,0.96548826
LAWHOJ_clean,2.0323355
CAVTAW_clean,1.0982528
HIFGIO_SL,0.6750476
PEVXAQ_clean,1.9523773
ic0520162si20051122_054857_clean,0.83332795
JOCLOD_clean,2.735365
GULPIN_clean,1.4214579
ULUQAV_clean,2.1598482
DAXGUG_clean,2.9695563
PIGHIX01_clean,1.8091332
YEPDAZ_clean,1.1745759
KEFWID_clean,2.3350525
IYAHEX_clean,2.6885712
ISIYUF05_clean,1.0032955
PATLON_clean,0.68921137
VIXVUV_clean,1.6741688
WIXRUQ_clean,1.2704337
BELTUJ_clean,1.9037526
VIZSOO_clean,0.59953374
ja500618z_si_002_clean,0.12572463
QISKIN_clean,2.2137291
EZEQOR_clean,1.6360245
PARSEJ_clean,2.530213
FAQYUR_clean,2.7465596
REZXIE01_clean,0.37376615
DEGJIK_clean,1.6916757
GEPDIQ_clean,2.4193451
SIVVAW_clean,1.2793709
UMODEH18_clean,0.46347368
MOLLII_clean,0.94663966
BONWAD_clean,1.4506291
ZIHFUR01_clean,0.917555
MEKDUC_clean,1.4966421
YUZJOU_clean,1.4984211
COCMAJ_clean,1.6362039
HUFMUS_clean,2.862976
YIXZEL_clean,1.2969822
ECEDAU_clean,2.4290578
QOKKAE_clean,1.3106023
BAHGUN03_clean,1.0790995
PODVIP_clean,1.0147879
YEZKEV_clean,3.4569743
TEBWII_clean,1.4043504
AZILEC_clean,1.3162702
RAZXIA02_clean,1.1025487
ERUFOM_clean,2.0561047
IXUHUE_clean,1.0497688
ECIYEU_clean,3.3364959
PUZKOM_clean,1.7274615
NISBEX_clean,1.8705677
AGIMOU_clean,1.6252002
RORLIV_clean,1.2128149
LEZXAR_clean,1.1018218
OKIMAY_clean,2.1085784
FELVID_clean,0.4485752
MIJYEK_clean,0.88130546
ALULAV_clean,1.2599328
HEGNAJ_clean,0.83857465
GAJTOC_clean,1.8996265
SOYYEL_clean,0.8437691
WUHHUC_clean,1.5817124
OPOCUS_clean,0.8773658
jacs.6b02030_ja6b02030_si_004_clean,1.1719445
VURNED04_clean,2.494544
CELZIE_SL,1.9355711
KINDIW_clean,1.5848217
DIXNUV01_clean,0.737979
OMITUB_clean,1.1906716
TATYUL_clean,1.6134088
CUGFOB_clean,0.6461147
ja500618z_si_005_clean,0.1109618
MABNEJ_clean,2.3975422
NENFAN_clean,2.6553552
REYCOP_clean,1.1924775
ATEYUV_clean,2.3641448
YUQNAB_clean,1.5661508
EPEXII_clean,2.3638713
OSAXAI_clean,1.1470386
DAPZAW_clean,2.1506581
BUJKEW01_clean,1.2337173
MAZYER_clean,2.2085526
QISVEU_clean,1.7674894
PIDMEV_clean,2.118154
HUJVOX_clean,1.5136943
JUWBIO_clean,1.4855752
PIHNUQ_clean,1.3088588
QOTWON_clean,0.25973856
VIXZUZ_clean,2.3208702
TOVKEW_clean,0.31885055
TEHWEK_clean,2.6221485
PAPHEV_clean,1.3475307
MANDUD_clean,2.5124967
VUQKAU02_clean,5.408607
ZAVQEU_clean,4.485399
BASTIA_clean,0.9882619
BOJYIK01_clean,3.1951542
GIKMOD12_clean,0.8944336
WANRIM01_clean,3.6183052
acscombsci.5b00188_34903_clean,1.5845197
SUPLOF_clean,0.6947713
KIKFIV_clean,3.450447
RAHBUZ_clean,4.1025715
PURNIB_clean,0.7798936
YITHOA_clean,2.3008764
UHADAI_clean,1.4593235
IGIZOP_clean,1.890207
WIKNOU_clean,0.9119693
QIVYUR_clean,1.4987034
KEDJAG02_clean,0.1114478
NUCBIY_clean,1.5553973
HIYGIH_clean,0.6587483
NIHBEM_clean,0.20015565
NEYYIZ_clean,1.1903999
TEJGAS_clean,2.6359847
RIZNIY_clean,2.0038106
NAHDIM_clean,3.4027293
ARUYUH_clean,0.7190689
NUYWOU_clean,1.584015
HOGJOD_clean,1.7407186
VARJEF_clean,1.3845432
GIKMOD08_clean,0.9218508
VAMPUX_clean,2.2330806
OTOVAW_clean,1.1373345
REWNEO_clean,0.3821773
VEDFIV_clean,1.2036569
ZARFOQ_clean,0.90673
SAKFAO_clean,4.799654
FABGOG_clean,1.0807182
JOHFIW_manual,3.7326095
HOVQAM_clean,1.1838197
YUKTUU_clean,0.1109618
OKAYEG_clean,1.4157281
DUQCAU_clean,3.3344398
MACHIJ_clean,0.93412423
LIBKEO_clean,0.6597771
TAFBIN_clean,0.9301982
UXOWOU_clean,0.6916549
acs.cgd.6b00119_OLISUZ1440339_clean,0.43779987
PUGFOO_clean,2.9147172
FUTZOK_clean,3.2412026
LOGBAK_clean,6.8516917
GORQAF_clean,0.50194734
QEZZEC_clean,0.2049563
FORPOS_clean,7.696624
HEZNUW_clean,1.3898641
KABXAO_clean,1.6413611
FEFVES_clean,2.1759644
QODQEH_clean,0.60330504
PEGQID_clean,1.8841958
PARNIH_clean,0.67821103
AQETUM_clean,3.4405336
QODHUO08_clean,0.70709044
EBEXEQ_clean,2.547525
MUTDIQ_clean,2.729263
ja500618z_si_004_clean,0.1270328
ULOLEO_clean,0.19410038
IHUTIQ_clean,1.3951478
ZOXVEP_clean,2.0132089
XEKCOH_clean,1.5495702
UREVOE_clean,3.183531
GERPUP_clean,0.04093779
WISVEB_clean,1.2708502
MAYYAN_clean,2.1280417
LOZSAW01_clean,0.75882477
UNIPAJ_clean,1.1160694
REGJIW_clean,1.7359167
TIQHIL_clean,0.27823675
IYAHAT_clean,2.6640956
UCEXIK_clean,3.4279287
ZOXTOX_clean,2.34397
DALSER_clean,-0.02988417
c5ce00677e_c5ce00677e2_clean,1.0369924
OLODEA_clean,0.9448993
PENYIR_clean,3.8410397
IGAHED01_clean,4.281623
QODHUO01_clean,0.630005
EQOCIW_clean,1.2378945
OKECIQ01_clean,8.411286
FUBNOH_clean,3.4348567
VEFLUP_clean,4.1336174
PEGBAG_clean,0.91208285
RURPAW_clean,1.5136954
PASKAX_clean,1.0572702
MARLOJ_clean,3.0043633
KOMJON_clean,0.17711608
KEJQAR_clean,8.340784
FAVGOB_clean,2.6283996
MIFQEY_clean,1.9576237
EBINUA02_clean,0.82216984
POLYEW_clean,1.6092654
VEMSUC_clean,1.9011148
QOFCAR_clean,0.97662747
UXEFAF_clean,0.986999
